49.260953,-123.125704,fast_food,Vancouver
49.2347493,-123.1547249,fast_food,Vancouver
49.2427149,-123.004048,fast_food,Burnaby
49.0911615,-122.9565578,fast_food,Delta
49.184369,-122.9507625,fast_food,New Westminster
49.2787084,-122.8066737,fast_food,Coquitlam
49.2601826,-123.0056472,fast_food,Burnaby
49.265883,-123.024278,fast_food,Vancouver
49.3810218,-123.0791455,fast_food,District of North Vancouver
49.1401463,-123.137885,fast_food,Richmond
49.2657244,-123.2430971,fast_food,Electoral Area A
49.2661113,-123.2420861,fast_food,Electoral Area A
49.2906218,-123.133851,fast_food,Vancouver
49.2842686,-123.1197597,fast_food,Vancouver
49.2865534,-123.128081,fast_food,Vancouver
49.2867409,-123.128421,fast_food,Vancouver
49.1398614,-123.137394,fast_food,Richmond
49.1486188,-123.1358921,fast_food,Richmond
49.1330851,-123.0940869,fast_food,Richmond
49.1329977,-123.0973124,fast_food,Richmond
49.2860548,-123.125171,fast_food,Vancouver
49.2860886,-123.125231,fast_food,Vancouver
49.0558043,-122.2722298,fast_food,Abbotsford
49.13295,-122.5818856,fast_food,Township of Langley
49.1771813,-122.6691551,fast_food,Township of Langley
49.2029085,-122.9087478,fast_food,New Westminster
49.2116716,-122.924285,fast_food,New Westminster
49.1126928,-122.6723021,fast_food,City of Langley
49.1997306,-122.778462,fast_food,Surrey
49.2037589,-122.9046452,fast_food,New Westminster
49.0497709,-122.319001,fast_food,Abbotsford
49.1967129,-123.1395095,fast_food,Richmond
49.052271,-122.3226554,fast_food,Abbotsford
49.2501163,-122.892302,fast_food,Burnaby
49.1743721,-122.666467,fast_food,Township of Langley
49.1239129,-123.1863673,fast_food,Richmond
49.2468123,-123.0683041,fast_food,Vancouver
49.2191586,-122.969566,fast_food,Burnaby
49.2196492,-122.969212,fast_food,Burnaby
49.2196001,-122.9683,fast_food,Burnaby
49.2196141,-122.9685904,fast_food,Burnaby
49.2218272,-122.9969589,fast_food,Burnaby
49.2331055,-123.0657587,fast_food,Vancouver
49.2331195,-123.0659733,fast_food,Vancouver
49.2256886,-123.0777235,fast_food,Vancouver
49.2182564,-123.0773813,fast_food,Vancouver
49.2256116,-123.0777236,fast_food,Vancouver
49.2634907,-123.11626,fast_food,Vancouver
49.2633536,-123.1137363,fast_food,Vancouver
49.2634886,-123.1215189,fast_food,Vancouver
49.2195297,-123.0408142,fast_food,Vancouver
49.2725297,-123.056204,fast_food,Vancouver
49.2195995,-122.968017,fast_food,Burnaby
49.2128537,-122.9368713,fast_food,New Westminster
49.2289752,-123.004759,fast_food,Burnaby
49.2287084,-123.004951,fast_food,Burnaby
49.2287171,-123.004694,fast_food,Burnaby
49.2286734,-123.0047024,fast_food,Burnaby
49.2286928,-123.0049605,fast_food,Burnaby
49.2287233,-123.005074,fast_food,Burnaby
49.2287426,-123.0051256,fast_food,Burnaby
49.228991,-123.0048261,fast_food,Burnaby
49.2287748,-123.004688,fast_food,Burnaby
49.2285999,-123.0047059,fast_food,Burnaby
49.2285573,-123.004716,fast_food,Burnaby
49.2285195,-123.0047179,fast_food,Burnaby
49.2284351,-123.0049538,fast_food,Burnaby
49.2285576,-123.0049251,fast_food,Burnaby
49.2286059,-123.0049011,fast_food,Burnaby
49.2287064,-123.0050137,fast_food,Burnaby
49.2287671,-123.0052002,fast_food,Burnaby
49.2287982,-123.005247,fast_food,Burnaby
49.2288285,-123.0052983,fast_food,Burnaby
49.2289212,-123.00524,fast_food,Burnaby
49.2289438,-123.0051888,fast_food,Burnaby
49.228968,-123.0051391,fast_food,Burnaby
49.2567827,-123.184916,fast_food,Vancouver
49.171823,-122.6674842,fast_food,Township of Langley
49.3264468,-123.120425,fast_food,District of North Vancouver
49.2908865,-123.1342622,fast_food,Vancouver
49.1659998,-122.6645407,fast_food,Township of Langley
49.1186802,-122.6700701,fast_food,Township of Langley
49.213342,-122.9375173,fast_food,New Westminster
49.218633,-122.9551616,fast_food,Burnaby
49.2255444,-122.9968024,fast_food,Burnaby
49.2258643,-122.9969705,fast_food,Burnaby
49.2258877,-122.9975787,fast_food,Burnaby
49.2253972,-122.9972623,fast_food,Burnaby
49.2254547,-122.9975777,fast_food,Burnaby
49.2254008,-122.997067,fast_food,Burnaby
49.2254531,-122.9968869,fast_food,Burnaby
49.2257969,-122.9968887,fast_food,Burnaby
49.2258275,-122.9969398,fast_food,Burnaby
49.2254863,-122.9976519,fast_food,Burnaby
49.2255226,-122.9977261,fast_food,Burnaby
49.2255531,-122.9977931,fast_food,Burnaby
49.2259279,-122.9975146,fast_food,Burnaby
49.2258084,-122.9977187,fast_food,Burnaby
49.2257836,-122.9978073,fast_food,Burnaby
49.2275306,-122.999928,fast_food,Burnaby
49.2257638,-122.9967208,fast_food,Burnaby
49.2253988,-122.9971646,fast_food,Burnaby
49.2254197,-122.9969699,fast_food,Burnaby
49.2254951,-122.9968289,fast_food,Burnaby
49.2258501,-122.9976493,fast_food,Burnaby
49.2254058,-122.9973612,fast_food,Burnaby
49.2274703,-122.9998197,fast_food,Burnaby
49.2507154,-122.89576,fast_food,Burnaby
49.2798847,-123.1068032,fast_food,Vancouver
49.2799835,-123.1065637,fast_food,Vancouver
49.2800531,-123.1064691,fast_food,Vancouver
49.2800925,-123.1064315,fast_food,Vancouver
49.227688,-122.836293,fast_food,Coquitlam
49.2276361,-122.8402333,fast_food,Coquitlam
49.2504797,-122.895109,fast_food,Burnaby
49.2507778,-122.894579,fast_food,Burnaby
49.25081,-122.894626,fast_food,Burnaby
49.2505677,-122.894989,fast_food,Burnaby
49.2508506,-122.8947628,fast_food,Burnaby
49.2277796,-122.8362961,fast_food,Coquitlam
49.2276126,-122.8362938,fast_food,Coquitlam
49.2507042,-122.896107,fast_food,Burnaby
49.2808969,-123.1073143,fast_food,Vancouver
49.2799281,-123.106678,fast_food,Vancouver
49.2799047,-123.106734,fast_food,Vancouver
49.2799553,-123.1066209,fast_food,Vancouver
49.2800166,-123.1065184,fast_food,Vancouver
49.2801753,-123.1063639,fast_food,Vancouver
49.2802143,-123.1063341,fast_food,Vancouver
49.2802598,-123.1063002,fast_food,Vancouver
49.2726318,-123.1353692,fast_food,Vancouver
49.2726607,-123.135316,fast_food,Vancouver
49.1633833,-122.6594915,fast_food,Township of Langley
49.1399686,-122.6001998,fast_food,Township of Langley
49.2208148,-123.0656937,fast_food,Vancouver
49.2750527,-123.1221518,fast_food,Vancouver
49.2753478,-123.12063,fast_food,Vancouver
49.0498661,-122.311635,fast_food,Abbotsford
49.0498031,-122.3114531,fast_food,Abbotsford
49.0496405,-122.3118348,fast_food,Abbotsford
49.0495887,-122.3117934,fast_food,Abbotsford
49.0498388,-122.3117035,fast_food,Abbotsford
49.0496845,-122.311872,fast_food,Abbotsford
49.0497721,-122.311822,fast_food,Abbotsford
49.049844,-122.311536,fast_food,Abbotsford
49.2630366,-123.101304,fast_food,Vancouver
49.2540332,-122.7388698,fast_food,Port Coquitlam
49.2548653,-122.7354267,fast_food,Port Coquitlam
49.2541361,-122.7388679,fast_food,Port Coquitlam
49.2544572,-122.7380216,fast_food,Port Coquitlam
49.1614935,-122.8908325,fast_food,Delta
49.1614786,-122.89107,fast_food,Delta
49.2027477,-122.8795076,fast_food,Surrey
49.2634307,-123.138066,fast_food,Vancouver
49.3278002,-123.1395422,fast_food,West Vancouver
49.3262061,-123.1361153,fast_food,West Vancouver
49.2137355,-122.9389574,fast_food,Burnaby
49.1909246,-122.8908844,fast_food,Surrey
49.1909164,-122.8910492,fast_food,Surrey
49.3239681,-123.102784,fast_food,North Vancouver
49.1709566,-123.181556,fast_food,Richmond
49.2730334,-123.1003915,fast_food,Vancouver
49.2332678,-123.101274,fast_food,Vancouver
49.2739585,-123.0980509,fast_food,Vancouver
49.2730825,-123.103976,fast_food,Vancouver
49.2838693,-123.115767,fast_food,Vancouver
49.1441581,-123.1595312,fast_food,Richmond
49.1537523,-123.1584726,fast_food,Richmond
49.1548975,-123.1578804,fast_food,Richmond
49.2336486,-123.0361183,fast_food,Vancouver
49.2111569,-123.140859,fast_food,Vancouver
49.1872508,-123.1312392,fast_food,Richmond
49.267402,-123.2495964,fast_food,Electoral Area A
49.2673302,-123.2497546,fast_food,Electoral Area A
49.044471,-122.777214,fast_food,Surrey
49.1775901,-123.1221479,fast_food,Richmond
49.1784718,-123.121091,fast_food,Richmond
49.1783944,-123.121095,fast_food,Richmond
49.1781724,-123.121108,fast_food,Richmond
49.178038,-123.121766,fast_food,Richmond
49.1687064,-123.135534,fast_food,Richmond
49.2312042,-123.065775,fast_food,Vancouver
49.3737497,-123.2741383,fast_food,West Vancouver
49.3741257,-123.2747392,fast_food,West Vancouver
49.0365053,-122.2910975,fast_food,Abbotsford
49.28645,-123.140324,fast_food,Vancouver
49.0270745,-123.068206,fast_food,Delta
49.2806587,-123.1312864,fast_food,Vancouver
49.1924274,-123.0910446,fast_food,Richmond
49.0365166,-122.290737,fast_food,Abbotsford
49.0365157,-122.2906543,fast_food,Abbotsford
49.262628,-123.0874661,fast_food,Vancouver
49.2716748,-123.0947341,fast_food,Vancouver
49.2717323,-123.0948814,fast_food,Vancouver
49.3237469,-123.1108931,fast_food,District of North Vancouver
49.3233669,-123.1139196,fast_food,District of North Vancouver
49.0510467,-122.3243144,fast_food,Abbotsford
49.2656704,-123.2542726,fast_food,Electoral Area A
49.2655654,-123.254337,fast_food,Electoral Area A
49.090412,-123.078228,fast_food,Delta
49.1616399,-123.1358929,fast_food,Richmond
49.1540431,-123.12496,fast_food,Richmond
49.1552993,-123.123732,fast_food,Richmond
49.1321157,-123.0947566,fast_food,Richmond
49.1322997,-123.0914934,fast_food,Richmond
49.090443,-123.0854968,fast_food,Delta
49.0894108,-123.0802013,fast_food,Delta
49.0359205,-123.0691691,fast_food,Delta
49.1445825,-123.0923099,fast_food,Richmond
49.2267483,-123.128868,fast_food,Vancouver
49.1912497,-123.1286598,fast_food,Richmond
49.1810752,-123.1354747,fast_food,Richmond
49.2897934,-123.133067,fast_food,Vancouver
49.2605857,-122.8892018,fast_food,Coquitlam
49.2718554,-122.8764461,fast_food,Port Moody
49.0905017,-123.080352,fast_food,Delta
49.0475644,-122.3443764,fast_food,Abbotsford
49.1960345,-123.1771649,fast_food,Richmond
49.1957016,-123.1769158,fast_food,Richmond
49.2821283,-123.116458,fast_food,Vancouver
49.2820949,-123.116502,fast_food,Vancouver
49.2826167,-123.1151176,fast_food,Vancouver
49.2826768,-123.1147158,fast_food,Vancouver
49.2826109,-123.114622,fast_food,Vancouver
49.2825668,-123.114555,fast_food,Vancouver
49.0466415,-122.368639,fast_food,Abbotsford
49.2310818,-123.0061322,fast_food,Burnaby
49.231039,-123.006178,fast_food,Burnaby
49.1883248,-122.9517415,fast_food,New Westminster
49.1916994,-122.9502443,fast_food,New Westminster
49.1912607,-122.947297,fast_food,New Westminster
49.1911353,-122.9471654,fast_food,New Westminster
49.1564728,-122.2095408,fast_food,Area G (Deroche/Dewdney/Sumas Mountain)
49.1868482,-122.8490317,fast_food,Surrey
49.1871184,-122.8490357,fast_food,Surrey
49.1868448,-122.8492283,fast_food,Surrey
49.1871177,-122.8491133,fast_food,Surrey
49.1871162,-122.8492835,fast_food,Surrey
49.1871155,-122.8493572,fast_food,Surrey
49.187114,-122.849531,fast_food,Surrey
49.1871697,-122.849752,fast_food,Surrey
49.1871291,-122.849602,fast_food,Surrey
49.1871919,-122.849834,fast_food,Surrey
49.187117,-122.8491994,fast_food,Surrey
49.1871146,-122.8494584,fast_food,Surrey
49.1871485,-122.8496743,fast_food,Surrey
49.1869648,-122.8498822,fast_food,Surrey
49.186992,-122.84998,fast_food,Surrey
49.186768,-122.8499392,fast_food,Surrey
49.1863136,-122.8480116,fast_food,Surrey
49.1886831,-122.802172,fast_food,Surrey
49.2185492,-122.953863,fast_food,Burnaby
49.2808322,-123.045249,fast_food,Vancouver
49.2808316,-123.0457204,fast_food,Vancouver
49.1913787,-122.8449032,fast_food,Surrey
49.0611385,-122.3807955,fast_food,Abbotsford
49.0612765,-122.380797,fast_food,Abbotsford
49.0612017,-122.379992,fast_food,Abbotsford
49.0609014,-122.3803606,fast_food,Abbotsford
49.1374505,-122.8907988,fast_food,Delta
49.2209307,-122.60016,fast_food,Maple Ridge
49.2191699,-122.658742,fast_food,Maple Ridge
49.2185304,-122.65417,fast_food,Maple Ridge
49.2183839,-122.653467,fast_food,Maple Ridge
49.2171923,-122.6065734,fast_food,Maple Ridge
49.2163595,-122.6049356,fast_food,Maple Ridge
49.2199383,-122.6019137,fast_food,Maple Ridge
49.2206364,-122.5575678,fast_food,Maple Ridge
49.125729,-123.0926925,fast_food,Richmond
49.1047695,-122.8042283,fast_food,Surrey
49.1985744,-122.8347803,fast_food,Surrey
49.1990463,-122.8132449,fast_food,Surrey
49.2273867,-122.9997206,fast_food,Burnaby
49.258421,-122.9554866,fast_food,Burnaby
49.2772057,-123.1265215,fast_food,Vancouver
49.277516,-123.127083,fast_food,Vancouver
49.0522053,-122.3129581,fast_food,Abbotsford
49.2801553,-123.1209295,fast_food,Vancouver
49.2794471,-123.130019,fast_food,Vancouver
49.0494651,-122.259796,fast_food,Abbotsford
49.0496898,-122.2598023,fast_food,Abbotsford
49.222259,-122.9315425,fast_food,Burnaby
49.2228162,-122.932676,fast_food,Burnaby
49.2802263,-123.130709,fast_food,Vancouver
49.057156,-122.2740055,fast_food,Abbotsford
49.1917192,-123.111856,fast_food,Richmond
49.2372522,-123.0325583,fast_food,Vancouver
49.3131411,-123.0768211,fast_food,North Vancouver
49.0659014,-122.3807911,fast_food,Abbotsford
49.0466441,-122.3372747,fast_food,Abbotsford
49.2896102,-123.138533,fast_food,Vancouver
49.289715,-123.1383784,fast_food,Vancouver
49.2897561,-123.1383258,fast_food,Vancouver
49.1848537,-122.7988686,fast_food,Surrey
49.1846812,-122.7987992,fast_food,Surrey
49.1847568,-122.7988014,fast_food,Surrey
49.1847167,-122.7988016,fast_food,Surrey
49.1848038,-122.7988004,fast_food,Surrey
49.2555232,-123.1153341,fast_food,Vancouver
49.2304571,-122.6901772,fast_food,Pitt Meadows
49.1599802,-122.401675,fast_food,Mission
49.2133453,-122.919727,fast_food,New Westminster
49.1191003,-122.7315965,fast_food,Surrey
49.2792588,-123.107425,fast_food,Vancouver
49.2793502,-123.107835,fast_food,Vancouver
49.2791132,-123.107422,fast_food,Vancouver
49.2284049,-123.0908719,fast_food,Vancouver
49.1039632,-122.6505489,fast_food,City of Langley
49.1050087,-122.659888,fast_food,City of Langley
49.1051536,-122.6594585,fast_food,City of Langley
49.2393218,-122.963544,fast_food,Burnaby
49.1343893,-122.839424,fast_food,Surrey
49.1238444,-123.1842621,fast_food,Richmond
49.2813411,-123.132939,fast_food,Vancouver
49.2806243,-123.1318323,fast_food,Vancouver
49.2805792,-123.1317635,fast_food,Vancouver
49.2813691,-123.1329919,fast_food,Vancouver
49.2833879,-123.1145536,fast_food,Vancouver
49.2845542,-123.1133241,fast_food,Vancouver
49.2834954,-123.1149019,fast_food,Vancouver
49.282623,-123.109344,fast_food,Vancouver
49.2827131,-123.1093153,fast_food,Vancouver
49.1167896,-122.6795827,fast_food,Township of Langley
49.1154625,-122.6795039,fast_food,Township of Langley
49.1046782,-122.798084,fast_food,Surrey
49.2766649,-123.1272,fast_food,Vancouver
49.2823756,-123.1084859,fast_food,Vancouver
49.3011514,-122.9561982,fast_food,District of North Vancouver
49.048462,-122.3389052,fast_food,Abbotsford
49.2352507,-123.1557393,fast_food,Vancouver
49.263878,-123.205001,fast_food,Vancouver
49.2546009,-123.0227038,fast_food,Burnaby
49.2630686,-123.115977,fast_food,Vancouver
49.2676227,-123.0035185,fast_food,Burnaby
49.0308707,-122.2927593,fast_food,Abbotsford
49.2789073,-123.122176,fast_food,Vancouver
49.280548,-123.121366,fast_food,Vancouver
49.28109,-123.119096,fast_food,Vancouver
49.2616851,-123.0700316,fast_food,Vancouver
49.2831516,-123.1154178,fast_food,Vancouver
49.2792876,-123.1226649,fast_food,Vancouver
49.2726139,-123.148291,fast_food,Vancouver
49.2726275,-123.148532,fast_food,Vancouver
49.2726994,-123.147278,fast_food,Vancouver
49.26262,-122.8383183,fast_food,Coquitlam
49.2631825,-122.8402209,fast_food,Coquitlam
49.2630737,-122.8402128,fast_food,Coquitlam
49.2623856,-123.057011,fast_food,Vancouver
49.2608512,-123.1161648,fast_food,Vancouver
49.1774976,-123.120144,fast_food,Richmond
49.1691756,-122.958657,fast_food,Delta
49.1720147,-122.946137,fast_food,Delta
49.1039933,-122.6615637,fast_food,City of Langley
49.195937,-123.1770558,fast_food,Richmond
49.0478696,-122.3431735,fast_food,Abbotsford
49.04831,-122.3418519,fast_food,Abbotsford
49.0489231,-122.3807319,fast_food,Abbotsford
49.27789,-122.7952302,fast_food,Coquitlam
49.2790389,-122.8285085,fast_food,Port Moody
49.2792178,-122.8288779,fast_food,Port Moody
49.2889429,-123.139016,fast_food,Vancouver
49.2060719,-123.125509,fast_food,Vancouver
49.1589744,-122.7809639,fast_food,Surrey
49.2503101,-123.0768199,fast_food,Vancouver
49.2510662,-123.0786825,fast_food,Vancouver
49.1624616,-122.7905606,fast_food,Surrey
49.2390725,-123.065003,fast_food,Vancouver
49.2434728,-123.0621724,fast_food,Vancouver
49.2581615,-123.1009363,fast_food,Vancouver
49.2325226,-123.090106,fast_food,Vancouver
49.2764887,-123.118966,fast_food,Vancouver
49.1867038,-123.1241844,fast_food,Richmond
49.2007348,-122.9812202,fast_food,Burnaby
49.2306617,-122.906342,fast_food,New Westminster
49.2308376,-122.906467,fast_food,Burnaby
49.2230001,-122.9139689,fast_food,New Westminster
49.2263872,-123.0042373,fast_food,Burnaby
49.2259651,-123.002616,fast_food,Burnaby
49.2260065,-123.002356,fast_food,Burnaby
49.2257698,-122.9969729,fast_food,Burnaby
49.2257375,-122.996441,fast_food,Burnaby
49.2272898,-123.0001015,fast_food,Burnaby
49.2272799,-123.000179,fast_food,Burnaby
49.1551644,-123.123812,fast_food,Richmond
49.1544601,-123.124749,fast_food,Richmond
49.1838653,-123.0929638,fast_food,Richmond
49.1829277,-123.0920959,fast_food,Richmond
49.1838703,-123.0933981,fast_food,Richmond
49.2787971,-123.1234582,fast_food,Vancouver
49.2492792,-122.8607827,fast_food,Coquitlam
49.2811945,-123.012539,fast_food,Burnaby
49.0519086,-122.309408,fast_food,Abbotsford
49.1353879,-123.0647334,fast_food,Richmond
49.3249053,-123.136894,fast_food,West Vancouver
49.2956047,-123.150765,fast_food,Vancouver
49.3030629,-123.1557502,fast_food,Vancouver
49.2228133,-122.9835929,fast_food,Burnaby
49.2280822,-122.997835,fast_food,Burnaby
49.2769818,-122.85501,fast_food,Port Moody
49.1809065,-123.1348418,fast_food,Richmond
49.1262429,-123.1844405,fast_food,Richmond
49.1942617,-122.844799,fast_food,Surrey
49.2094689,-123.1164992,fast_food,Vancouver
49.2723618,-123.0693179,fast_food,Vancouver
49.0910725,-122.607479,fast_food,Township of Langley
49.0910917,-122.607647,fast_food,Township of Langley
49.2266714,-123.0905213,fast_food,Vancouver
49.1767688,-122.673566,fast_food,Township of Langley
49.2110929,-123.1407058,fast_food,Vancouver
49.2484965,-123.0899419,fast_food,Vancouver
49.1996433,-122.8114213,fast_food,Surrey
49.1989948,-122.8102573,fast_food,Surrey
49.1982423,-122.811976,fast_food,Surrey
49.1990405,-122.8160892,fast_food,Surrey
49.1923674,-122.8892801,fast_food,Surrey
49.2782532,-123.1218162,fast_food,Vancouver
49.2820553,-123.1335652,fast_food,Vancouver
49.279559,-123.1078428,fast_food,Vancouver
49.2819445,-123.107631,fast_food,Vancouver
49.2816397,-123.107525,fast_food,Vancouver
49.2840103,-123.113579,fast_food,Vancouver
49.2836356,-123.1130258,fast_food,Vancouver
49.2837054,-123.1131194,fast_food,Vancouver
49.2837386,-123.1131665,fast_food,Vancouver
49.2838178,-123.11328,fast_food,Vancouver
49.0543514,-122.3585561,fast_food,Abbotsford
49.0545294,-122.3589787,fast_food,Abbotsford
49.2789629,-122.915519,fast_food,Burnaby
49.2831882,-123.117592,fast_food,Vancouver
49.2785176,-123.1157177,fast_food,Vancouver
49.0548679,-122.371284,fast_food,Abbotsford
49.1674085,-122.800863,fast_food,Surrey
49.1672409,-122.799507,fast_food,Surrey
49.0340836,-122.800945,fast_food,Surrey
49.0396209,-122.801584,fast_food,Surrey
49.0450983,-122.800801,fast_food,Surrey
49.048996,-122.796713,fast_food,Surrey
49.0452753,-122.7772226,fast_food,Surrey
49.0431711,-122.7802231,fast_food,Surrey
49.0430859,-122.7797305,fast_food,Surrey
49.2775024,-123.2227417,fast_food,Vancouver
49.2684742,-123.1859648,fast_food,Vancouver
49.2661695,-123.0694931,fast_food,Vancouver
49.0504185,-122.2872244,fast_food,Abbotsford
49.1550148,-122.911601,fast_food,Delta
49.3140173,-123.079082,fast_food,North Vancouver
49.0366076,-122.2921298,fast_food,Abbotsford
49.2789855,-122.7989764,fast_food,Coquitlam
49.2266974,-122.8930224,fast_food,New Westminster
49.1038027,-122.7250223,fast_food,Surrey
49.1037705,-122.728643,fast_food,Surrey
49.2837791,-122.8096883,fast_food,Coquitlam
49.2781282,-122.8112429,fast_food,Coquitlam
49.2782009,-122.8115542,fast_food,Coquitlam
49.2044232,-122.90607,fast_food,New Westminster
49.2318607,-123.029381,fast_food,Vancouver
49.1921329,-123.08572,fast_food,Richmond
49.1917185,-123.1098172,fast_food,Richmond
49.2312133,-122.9064669,fast_food,Burnaby
49.2254294,-122.9936559,fast_food,Burnaby
49.2469453,-122.7499988,fast_food,Port Coquitlam
49.1892937,-122.8021118,fast_food,Surrey
49.188908,-122.80246,fast_food,Surrey
49.1909939,-122.9498358,fast_food,New Westminster
49.2798348,-122.966114,fast_food,Burnaby
49.2792808,-122.9172945,fast_food,Burnaby
49.2896666,-122.7853435,fast_food,Coquitlam
49.2418492,-122.761466,fast_food,Port Coquitlam
49.1557928,-122.9128469,fast_food,Delta
49.3240341,-123.1124694,fast_food,District of North Vancouver
49.1333447,-122.322108,fast_food,Mission
49.1919709,-122.8241091,fast_food,Surrey
49.15468,-123.158142,fast_food,Richmond
49.2059449,-123.029648,fast_food,Vancouver
49.2804912,-122.9778749,fast_food,Burnaby
49.2812021,-122.9998854,fast_food,Burnaby
49.2813429,-123.0229786,fast_food,Burnaby
49.3207939,-123.0955757,fast_food,North Vancouver
49.285126,-123.0640036,fast_food,Vancouver
49.0493438,-122.297561,fast_food,Abbotsford
49.0412463,-122.2207816,fast_food,Abbotsford
49.0406638,-122.220198,fast_food,Abbotsford
49.0406625,-122.2200849,fast_food,Abbotsford
49.0406638,-122.2197649,fast_food,Abbotsford
49.0412182,-122.2207062,fast_food,Abbotsford
49.2828897,-123.1230681,fast_food,Vancouver
49.2841267,-123.1142755,fast_food,Vancouver
49.1342658,-122.6905034,fast_food,Surrey
49.1971817,-123.1755871,fast_food,Richmond
49.1588797,-122.78178,fast_food,Surrey
49.2822367,-123.1092038,fast_food,Vancouver
49.2186099,-122.9567528,fast_food,Burnaby
49.2341509,-122.862575,fast_food,Coquitlam
49.2781506,-122.910256,fast_food,Burnaby
49.2313372,-122.893215,fast_food,New Westminster
49.2313674,-122.8933216,fast_food,New Westminster
49.2811705,-123.120411,fast_food,Vancouver
49.1339983,-122.3272174,fast_food,Mission
49.1338651,-122.3248304,fast_food,Mission
49.1335453,-122.3205197,fast_food,Mission
49.280931,-123.1323047,fast_food,Vancouver
49.2056876,-122.8666886,fast_food,Surrey
49.1044656,-122.6598376,fast_food,City of Langley
49.2801317,-122.828151,fast_food,Port Moody
49.0385857,-122.2705368,fast_food,Abbotsford
49.288332,-123.122596,fast_food,Vancouver
49.2871644,-123.1197099,fast_food,Vancouver
49.3329498,-123.0884842,fast_food,North Vancouver
49.3331014,-123.0885282,fast_food,North Vancouver
49.226217,-123.065504,fast_food,Vancouver
49.2625141,-123.1527767,fast_food,Vancouver
49.3066775,-123.0365159,fast_food,North Vancouver
49.3116539,-123.080344,fast_food,North Vancouver
49.1890975,-122.8019467,fast_food,Surrey
49.1891942,-122.80198,fast_food,Surrey
49.1892525,-122.8020476,fast_food,Surrey
49.1893656,-122.8022609,fast_food,Surrey
49.1888105,-122.8042707,fast_food,Surrey
49.1889257,-122.8021446,fast_food,Surrey
49.1888927,-122.8023671,fast_food,Surrey
49.1888911,-122.8022722,fast_food,Surrey
49.1889161,-122.8025338,fast_food,Surrey
49.1893314,-122.802172,fast_food,Surrey
49.1893916,-122.8023522,fast_food,Surrey
49.1893943,-122.80248,fast_food,Surrey
49.1893379,-122.8025363,fast_food,Surrey
49.1889728,-122.8025965,fast_food,Surrey
49.0337483,-122.2939428,fast_food,Abbotsford
49.2621894,-123.0741944,fast_food,Vancouver
49.1192623,-122.6708998,fast_food,Township of Langley
49.2801689,-122.966568,fast_food,Burnaby
49.2271464,-122.8418011,fast_food,Coquitlam
49.1039351,-122.7292839,fast_food,Surrey
49.1039465,-122.7305423,fast_food,Surrey
49.1034796,-122.732176,fast_food,Surrey
49.1036626,-122.7326073,fast_food,Surrey
49.1043183,-122.734523,fast_food,Surrey
49.1061885,-122.655168,fast_food,City of Langley
49.1187952,-122.8914653,fast_food,Delta
49.1686767,-122.5812108,fast_food,Langley (District)
49.1267991,-122.6235305,fast_food,Township of Langley
49.1044759,-122.6560201,fast_food,City of Langley
49.2396475,-122.967397,fast_food,Burnaby
49.2668062,-123.004335,fast_food,Burnaby
49.0892837,-123.0800697,fast_food,Delta
49.0896812,-123.0804882,fast_food,Delta
49.1247186,-123.182573,fast_food,Richmond
49.2272788,-123.0001497,fast_food,Burnaby
49.2860028,-123.1124564,fast_food,Vancouver
49.2880327,-123.1236171,fast_food,Vancouver
49.0548414,-122.317129,fast_food,Abbotsford
49.0548979,-122.3190151,fast_food,Abbotsford
49.0549034,-122.3191707,fast_food,Abbotsford
49.054702,-122.3255096,fast_food,Abbotsford
49.0547095,-122.3256007,fast_food,Abbotsford
49.0403191,-122.2693197,fast_food,Abbotsford
49.0400443,-122.2690856,fast_food,Abbotsford
49.0399745,-122.2690161,fast_food,Abbotsford
49.2776544,-123.125186,fast_food,Vancouver
49.2257641,-122.9978351,fast_food,Burnaby
49.1330239,-123.0963394,fast_food,Richmond
49.2819977,-123.118635,fast_food,Vancouver
49.0498247,-122.3233458,fast_food,Abbotsford
49.2209188,-122.662326,fast_food,Maple Ridge
49.1776035,-122.6721562,fast_food,Township of Langley
49.2654672,-123.0150138,fast_food,Burnaby
49.214159,-122.9890244,fast_food,Burnaby
49.1917282,-123.0840525,fast_food,Richmond
49.1306397,-122.3180023,fast_food,Mission
49.1320933,-122.3220594,fast_food,Mission
49.1326939,-122.320804,fast_food,Mission
49.1327007,-122.3193809,fast_food,Mission
49.2774719,-123.1259922,fast_food,Vancouver
49.2778308,-123.125433,fast_food,Vancouver
49.278957,-123.108151,fast_food,Vancouver
49.2794353,-123.1069567,fast_food,Vancouver
49.2182528,-122.652715,fast_food,Maple Ridge
49.2473348,-123.0694107,fast_food,Vancouver
49.231433,-123.031638,fast_food,Vancouver
49.279869,-123.1068827,fast_food,Vancouver
49.2635775,-122.8870037,fast_food,Coquitlam
49.0517339,-122.3153309,fast_food,Abbotsford
49.2779076,-123.1277317,fast_food,Vancouver
49.21241,-122.922074,fast_food,New Westminster
49.2124557,-122.9223287,fast_food,New Westminster
49.2187081,-122.5578574,fast_food,Maple Ridge
49.2176898,-122.5981926,fast_food,Maple Ridge
49.2168888,-122.5992486,fast_food,Maple Ridge
49.2151458,-122.5895762,fast_food,Maple Ridge
49.1291588,-122.322857,fast_food,Mission
49.2137412,-122.939049,fast_food,Burnaby
49.04773,-122.7850621,fast_food,Surrey
49.2635672,-123.1004357,fast_food,Vancouver
49.1627634,-122.6341605,fast_food,Township of Langley
49.213668,-122.9389489,fast_food,Burnaby
49.1916929,-123.1106699,fast_food,Richmond
49.1557506,-122.9115883,fast_food,Delta
49.2304323,-122.6916217,fast_food,Pitt Meadows
49.2721601,-122.786413,fast_food,Port Coquitlam
49.2863164,-123.1277326,fast_food,Vancouver
49.286779,-123.141341,fast_food,Vancouver
49.2842402,-123.1175601,fast_food,Vancouver
49.2831011,-123.1171034,fast_food,Vancouver
49.2852994,-123.120164,fast_food,Vancouver
49.2638003,-123.1405912,fast_food,Vancouver
49.2560819,-123.115394,fast_food,Vancouver
49.2639753,-123.171349,fast_food,Vancouver
49.2639335,-123.167823,fast_food,Vancouver
49.2632325,-123.1364612,fast_food,Vancouver
49.2625523,-123.0693702,fast_food,Vancouver
49.2628756,-123.0695249,fast_food,Vancouver
49.2627967,-123.0693624,fast_food,Vancouver
49.238319,-123.0323183,fast_food,Vancouver
49.264064,-123.1141117,fast_food,Vancouver
49.2637809,-123.1145448,fast_food,Vancouver
49.2878101,-123.141219,fast_food,Vancouver
49.2793561,-123.123413,fast_food,Vancouver
49.2792751,-123.123342,fast_food,Vancouver
49.2585993,-123.044779,fast_food,Vancouver
49.2579867,-123.0449264,fast_food,Vancouver
49.2848411,-123.1248987,fast_food,Vancouver
49.119491,-122.6652549,fast_food,Township of Langley
49.156596,-122.913408,fast_food,Delta
49.1557887,-122.9126704,fast_food,Delta
49.1182418,-122.8461917,fast_food,Surrey
49.0758884,-122.6698849,fast_food,Township of Langley
49.0764542,-122.6707002,fast_food,Township of Langley
49.0902235,-122.607215,fast_food,Township of Langley
49.1034121,-122.4921896,fast_food,Township of Langley
49.2190912,-122.9506199,fast_food,Burnaby
49.2105122,-123.1304651,fast_food,Vancouver
49.226921,-123.128806,fast_food,Vancouver
49.2233867,-122.942988,fast_food,Burnaby
49.2093486,-123.1167129,fast_food,Vancouver
49.1532637,-122.8908924,fast_food,Delta
49.2252537,-123.0039474,fast_food,Burnaby
49.2694887,-123.0694438,fast_food,Vancouver
49.2673932,-123.0694555,fast_food,Vancouver
49.267464,-123.0694548,fast_food,Vancouver
49.335939,-123.0390148,fast_food,District of North Vancouver
49.133034,-123.0934313,fast_food,Richmond
49.0610738,-122.3794809,fast_food,Abbotsford
49.0585166,-122.3794952,fast_food,Abbotsford
49.05866,-122.380541,fast_food,Abbotsford
49.0586766,-122.3804894,fast_food,Abbotsford
49.0586952,-122.3804395,fast_food,Abbotsford
49.0587133,-122.380388,fast_food,Abbotsford
49.2831781,-123.1044747,fast_food,Vancouver
49.0512088,-122.3337933,fast_food,Abbotsford
49.0512463,-122.3338254,fast_food,Abbotsford
49.0512803,-122.333854,fast_food,Abbotsford
49.230899,-123.090797,fast_food,Vancouver
49.2805438,-122.7929451,fast_food,Coquitlam
49.2815417,-123.1211798,fast_food,Vancouver
49.1326408,-123.0911561,fast_food,Richmond
49.2811916,-122.7958586,fast_food,Coquitlam
49.1965921,-123.138647,fast_food,Richmond
49.196668,-123.1399053,fast_food,Richmond
49.1967012,-123.1398557,fast_food,Richmond
49.1967335,-123.1398286,fast_food,Richmond
49.198074,-122.812044,fast_food,Surrey
49.2628059,-122.780611,fast_food,Port Coquitlam
49.2772949,-123.1266675,fast_food,Vancouver
49.2776678,-123.1266852,fast_food,Vancouver
49.326995,-123.0724441,fast_food,North Vancouver
49.1319712,-123.0926675,fast_food,Richmond
49.266267,-123.247343,fast_food,Electoral Area A
49.2765795,-122.7965015,fast_food,Coquitlam
49.2599136,-123.101389,fast_food,Vancouver
49.2483949,-123.1013436,fast_food,Vancouver
49.245244,-123.1015532,fast_food,Vancouver
49.2448143,-123.101086,fast_food,Vancouver
49.2488211,-122.862412,fast_food,Coquitlam
49.0475189,-122.3368772,fast_food,Abbotsford
49.2183451,-123.0773794,fast_food,Vancouver
49.0447793,-122.3373096,fast_food,Abbotsford
49.2816322,-123.132944,fast_food,Vancouver
49.2812333,-123.132309,fast_food,Vancouver
49.1052932,-122.7987367,fast_food,Surrey
49.1054662,-122.8005337,fast_food,Surrey
49.1052965,-122.7986458,fast_food,Surrey
49.1365029,-123.0259053,fast_food,Delta
49.0904611,-123.0788978,fast_food,Delta
49.2810698,-123.120576,fast_food,Vancouver
49.0451362,-122.294175,fast_food,Abbotsford
49.2812597,-123.0537245,fast_food,Vancouver
49.1485331,-123.1825159,fast_food,Richmond
49.2703957,-123.105986,fast_food,Vancouver
49.2646355,-123.115076,fast_food,Vancouver
49.1896608,-122.847876,fast_food,Surrey
49.1853073,-122.8004145,fast_food,Surrey
49.2664195,-123.249893,fast_food,Electoral Area A
49.2669332,-123.2501267,fast_food,Electoral Area A
49.2777387,-123.130932,fast_food,Vancouver
49.2283742,-122.8481876,fast_food,Coquitlam
49.2512037,-122.8925446,fast_food,Coquitlam
49.1547908,-123.1257818,fast_food,Richmond
49.1916784,-123.1286231,fast_food,Richmond
49.2884212,-123.13986,fast_food,Vancouver
49.0545386,-122.3707411,fast_food,Abbotsford
49.2332549,-123.034794,fast_food,Vancouver
49.0890208,-122.1207999,fast_food,Abbotsford
49.2679544,-123.000816,fast_food,Burnaby
49.2816572,-123.120597,fast_food,Vancouver
49.2795971,-123.117415,fast_food,Vancouver
49.2796191,-123.117481,fast_food,Vancouver
49.1326073,-122.339682,fast_food,Mission
49.1335522,-122.337772,fast_food,Mission
49.2012077,-122.913267,fast_food,New Westminster
49.2010902,-122.9125135,fast_food,New Westminster
49.1487386,-123.1358977,fast_food,Richmond
49.3099424,-123.0822109,fast_food,North Vancouver
49.2873965,-123.1143665,fast_food,Vancouver
49.2890568,-123.1146229,fast_food,Vancouver
49.3007699,-123.1313555,fast_food,Vancouver
49.1904248,-122.8448935,fast_food,Surrey
49.0562744,-122.800567,fast_food,Surrey
49.0557436,-122.800677,fast_food,Surrey
49.2197643,-122.6019038,fast_food,Maple Ridge
49.3360146,-123.040592,fast_food,District of North Vancouver
49.337224,-123.0393895,fast_food,District of North Vancouver
49.337148,-123.039391,fast_food,District of North Vancouver
49.3057451,-123.033365,fast_food,District of North Vancouver
49.1606309,-122.6672201,fast_food,Township of Langley
49.1624742,-122.6564355,fast_food,Township of Langley
49.2801341,-123.118169,fast_food,Vancouver
49.2794999,-123.117231,fast_food,Vancouver
49.2802404,-123.118333,fast_food,Vancouver
49.2801999,-123.1182707,fast_food,Vancouver
49.2801622,-123.1182125,fast_food,Vancouver
49.2798631,-123.11778,fast_food,Vancouver
49.2554899,-123.1153351,fast_food,Vancouver
49.1822909,-122.84436,fast_food,Surrey
49.1829337,-122.844312,fast_food,Surrey
49.2629664,-123.098333,fast_food,Vancouver
49.2541445,-123.101278,fast_food,Vancouver
49.2763222,-123.1187068,fast_food,Vancouver
49.201692,-122.6809251,fast_food,Pitt Meadows
49.1042462,-122.65054,fast_food,City of Langley
49.1903782,-122.8000829,fast_food,Surrey
49.2488403,-122.8637712,fast_food,Coquitlam
49.2833565,-122.8096968,fast_food,Coquitlam
49.2090237,-123.1402664,fast_food,Vancouver
49.2008834,-122.9140334,fast_food,New Westminster
49.2081277,-123.1407736,fast_food,Vancouver
49.2301172,-122.892373,fast_food,New Westminster
49.1291732,-122.322729,fast_food,Mission
49.170564,-122.6671871,fast_food,Township of Langley
49.2473653,-122.89185,fast_food,Coquitlam
49.2193907,-122.9274657,fast_food,Burnaby
49.0954257,-122.8980932,fast_food,Delta
49.2826712,-123.1178553,fast_food,Vancouver
49.1407186,-122.0060007,fast_food,Chilliwack
49.2809841,-123.0574196,fast_food,Vancouver
49.2793149,-123.0987588,fast_food,Vancouver
49.2860715,-123.119875,fast_food,Vancouver
49.2784482,-123.125521,fast_food,Vancouver
49.2508148,-123.1680215,fast_food,Vancouver
49.2778413,-122.79513,fast_food,Coquitlam
49.2696735,-123.1459612,fast_food,Vancouver
49.1253394,-123.1922576,fast_food,Richmond
49.2536661,-122.918492,fast_food,Burnaby
49.2539408,-122.918584,fast_food,Burnaby
49.2801635,-122.7997254,fast_food,Coquitlam
49.2829198,-123.1179071,fast_food,Vancouver
49.2832543,-123.1177064,fast_food,Vancouver
49.2830324,-123.117697,fast_food,Vancouver
49.2832223,-123.1176633,fast_food,Vancouver
49.0082451,-123.1302634,fast_food,Delta
49.0082833,-123.1301965,fast_food,Delta
49.0081091,-123.1302736,fast_food,Delta
49.0081843,-123.1303454,fast_food,Delta
49.0081311,-123.1304165,fast_food,Delta
49.0085395,-123.1298521,fast_food,Delta
49.2313451,-123.0058497,fast_food,Burnaby
49.163569,-122.406059,fast_food,Mission
49.057526,-122.3146622,fast_food,Abbotsford
49.1139699,-122.6702933,fast_food,City of Langley
49.1139708,-122.6702357,fast_food,City of Langley
49.2740753,-123.1220882,fast_food,Vancouver
49.1336842,-122.8899902,fast_food,Surrey
49.2192667,-123.0408347,fast_food,Vancouver
49.2188696,-123.0401823,fast_food,Vancouver
49.0513654,-122.6922199,fast_food,Surrey
49.0520083,-122.6920382,fast_food,Surrey
49.0521626,-122.6920704,fast_food,Surrey
49.2791142,-123.115825,fast_food,Vancouver
49.0659286,-122.3776546,fast_food,Abbotsford
49.2582855,-122.9554529,fast_food,Burnaby
49.2917979,-123.1352263,fast_food,Vancouver
49.2305671,-122.8926185,fast_food,New Westminster
49.2807065,-123.1249848,fast_food,Vancouver
49.2807348,-123.1249386,fast_food,Vancouver
49.2808062,-123.12482,fast_food,Vancouver
49.2834343,-123.1144842,fast_food,Vancouver
49.2772847,-123.127686,fast_food,Vancouver
49.2839142,-123.1123573,fast_food,Vancouver
49.1904556,-122.9503879,fast_food,New Westminster
49.1903259,-122.9491728,fast_food,New Westminster
49.191552,-122.9477768,fast_food,New Westminster
49.0519086,-122.309441,fast_food,Abbotsford
49.2287873,-122.8930236,fast_food,New Westminster
49.2657289,-123.004305,fast_food,Burnaby
49.2637503,-123.024212,fast_food,Vancouver
49.2545538,-123.0213097,fast_food,Burnaby
49.3066055,-123.008743,fast_food,District of North Vancouver
49.2804661,-123.0984437,fast_food,Vancouver
49.3273947,-123.072432,fast_food,North Vancouver
49.2803306,-123.130859,fast_food,Vancouver
49.284191,-123.115916,fast_food,Vancouver
49.1772748,-122.7895305,fast_food,Surrey
49.2750595,-123.2066651,fast_food,Vancouver
49.2762862,-123.2149049,fast_food,Vancouver
49.024518,-123.0702694,fast_food,Delta
49.2308106,-123.090808,fast_food,Vancouver
49.2335124,-122.862454,fast_food,Coquitlam
49.2662243,-123.2477394,fast_food,Electoral Area A
49.2031768,-122.8792546,fast_food,Surrey
49.2894266,-123.138318,fast_food,Vancouver
49.1971547,-123.1768342,fast_food,Richmond
49.2318496,-123.0299691,fast_food,Vancouver
49.2802821,-122.7991912,fast_food,Coquitlam
49.1562658,-122.8899699,fast_food,Surrey
49.1562688,-122.8896319,fast_food,Surrey
49.1741418,-122.8906329,fast_food,Delta
49.1967375,-123.139713,fast_food,Richmond
49.2579872,-123.1685632,fast_food,Vancouver
49.2445767,-123.1539027,fast_food,Vancouver
49.1980528,-122.978715,fast_food,Burnaby
49.1916628,-122.82362,fast_food,Surrey
49.2805604,-123.1073941,fast_food,Vancouver
49.1156629,-122.6823021,fast_food,Surrey
49.0601181,-122.4943564,fast_food,Township of Langley
49.0592295,-122.4922766,fast_food,Township of Langley
49.0412018,-122.2206368,fast_food,Abbotsford
49.2627141,-123.0998499,fast_food,Vancouver
49.2713215,-122.755135,fast_food,Port Coquitlam
49.2717188,-122.7571278,fast_food,Port Coquitlam
49.2718087,-122.7556464,fast_food,Port Coquitlam
49.2718577,-122.7558811,fast_food,Port Coquitlam
49.2713348,-122.7556241,fast_food,Port Coquitlam
49.2847682,-123.1210687,fast_food,Vancouver
49.2625428,-123.070343,fast_food,Vancouver
49.2617463,-123.0696025,fast_food,Vancouver
49.2616597,-123.0696079,fast_food,Vancouver
49.2615906,-123.069606,fast_food,Vancouver
49.2790841,-122.794261,fast_food,Coquitlam
49.2366392,-122.852996,fast_food,Coquitlam
49.2846465,-123.112562,fast_food,Vancouver
49.2845955,-123.1124903,fast_food,Vancouver
49.2845516,-123.112411,fast_food,Vancouver
49.2845146,-123.1123326,fast_food,Vancouver
49.2844796,-123.1122746,fast_food,Vancouver
49.2843495,-123.1120745,fast_food,Vancouver
49.2844646,-123.1119722,fast_food,Vancouver
49.2845282,-123.1120539,fast_food,Vancouver
49.2846964,-123.1121842,fast_food,Vancouver
49.284732,-123.1121303,fast_food,Vancouver
49.0899906,-123.080656,fast_food,Delta
49.2809142,-123.0149264,fast_food,Burnaby
49.1785178,-123.1284944,fast_food,Richmond
49.2961888,-122.8035842,fast_food,Coquitlam
49.274141,-123.120068,fast_food,Vancouver
49.2796822,-123.126535,fast_food,Vancouver
49.1114094,-122.6753063,fast_food,Township of Langley
49.1413446,-122.8655179,fast_food,Surrey
49.042618,-122.779745,fast_food,Surrey
49.2229088,-122.6709902,fast_food,Pitt Meadows
49.2216335,-122.6731896,fast_food,Pitt Meadows
49.220176,-122.662922,fast_food,Maple Ridge
49.1143031,-122.6752938,fast_food,Township of Langley
49.1142429,-122.675368,fast_food,Township of Langley
49.1143703,-122.675676,fast_food,Township of Langley
49.1142463,-122.675617,fast_food,Township of Langley
49.1144699,-122.6752018,fast_food,Township of Langley
49.1594153,-122.668815,fast_food,Township of Langley
49.0428945,-122.79105,fast_food,Surrey
49.2591364,-122.955341,fast_food,Burnaby
49.0372607,-122.2707686,fast_food,Abbotsford
49.2668547,-123.009283,fast_food,Burnaby
49.1027065,-122.6449963,fast_food,City of Langley
49.2257362,-122.9973998,fast_food,Burnaby
49.2255679,-122.997972,fast_food,Burnaby
49.1124073,-122.7307639,fast_food,Surrey
49.266748,-122.7778692,fast_food,Port Coquitlam
49.1509023,-122.8890648,fast_food,Surrey
49.1245208,-122.7021725,fast_food,Surrey
49.2655577,-123.1199868,fast_food,Vancouver
49.263332,-123.1329176,fast_food,Vancouver
49.2633326,-123.1328362,fast_food,Vancouver
49.1021957,-122.4862924,fast_food,Township of Langley
49.0496214,-122.2950372,fast_food,Abbotsford
49.2803398,-123.1072667,fast_food,Vancouver
49.2683055,-123.1723907,fast_food,Vancouver
49.2636878,-123.2113535,fast_food,Vancouver
49.2687846,-123.1852151,fast_food,Vancouver
49.2514267,-123.1272648,fast_food,Vancouver
49.3163612,-122.9706521,fast_food,District of North Vancouver
49.3164521,-122.969311,fast_food,District of North Vancouver
49.316207,-122.9710414,fast_food,District of North Vancouver
49.2824302,-122.800391,fast_food,Coquitlam
49.2830143,-123.1091786,fast_food,Vancouver
49.1852228,-122.800584,fast_food,Surrey
49.2545963,-123.0224053,fast_food,Burnaby
49.0169752,-122.7911321,fast_food,White Rock
49.0174182,-122.7925272,fast_food,White Rock
49.0173592,-122.7923408,fast_food,White Rock
49.0176988,-122.7934364,fast_food,White Rock
49.0177313,-122.793556,fast_food,White Rock
49.0174598,-122.7926516,fast_food,White Rock
49.0173401,-122.7922826,fast_food,White Rock
49.220638,-122.6556085,fast_food,Maple Ridge
49.2208931,-122.656626,fast_food,Maple Ridge
49.2210405,-122.655669,fast_food,Maple Ridge
49.2183247,-122.644466,fast_food,Maple Ridge
49.2198076,-122.646793,fast_food,Maple Ridge
49.2635006,-122.88703,fast_food,Coquitlam
49.2812092,-123.0089295,fast_food,Burnaby
49.2813643,-123.012536,fast_food,Burnaby
49.2809175,-123.0129537,fast_food,Burnaby
49.2638061,-123.1854424,fast_food,Vancouver
49.0212569,-122.8051581,fast_food,White Rock
49.1201645,-122.8449823,fast_food,Surrey
49.2866181,-123.1209638,fast_food,Vancouver
49.1332371,-123.158294,fast_food,Richmond
49.3284936,-123.1615997,fast_food,West Vancouver
49.3281621,-123.1617885,fast_food,West Vancouver
49.3285372,-123.1566255,fast_food,West Vancouver
49.2194287,-122.9275107,fast_food,Burnaby
49.1908367,-122.9496788,fast_food,New Westminster
49.2180426,-122.5989375,fast_food,Maple Ridge
49.2178913,-122.5990161,fast_food,Maple Ridge
49.1323894,-122.667405,fast_food,Township of Langley
49.0400563,-122.3380026,fast_food,Abbotsford
49.280495,-123.121965,fast_food,Vancouver
49.0364574,-122.3120906,fast_food,Abbotsford
49.1763937,-122.8887016,fast_food,Surrey
49.1763072,-122.8886974,fast_food,Surrey
49.0689788,-122.3593901,fast_food,Abbotsford
49.0692612,-122.359477,fast_food,Abbotsford
49.3202752,-123.092594,fast_food,North Vancouver
49.1203766,-122.8923201,fast_food,Delta
49.1206338,-122.891779,fast_food,Delta
49.0308509,-123.0691854,fast_food,Delta
49.0899836,-123.082995,fast_food,Delta
49.2823104,-122.800397,fast_food,Coquitlam
49.0600466,-122.4938417,fast_food,Township of Langley
49.2359278,-123.044715,fast_food,Vancouver
49.2800438,-123.1309236,fast_food,Vancouver
49.1209902,-122.663999,fast_food,Township of Langley
49.1212328,-122.6617515,fast_food,Township of Langley
49.2314781,-123.0052457,fast_food,Burnaby
49.2201856,-122.6559741,fast_food,Maple Ridge
49.2202227,-122.6558629,fast_food,Maple Ridge
49.2800691,-123.1309649,fast_food,Vancouver
49.2643017,-123.0039139,fast_food,Burnaby
49.2059018,-123.0110355,fast_food,Burnaby
49.1926706,-123.1808659,fast_food,Richmond
49.0408335,-122.2697912,fast_food,Abbotsford
49.0498185,-122.3237212,fast_food,Abbotsford
49.0498177,-122.3237887,fast_food,Abbotsford
49.0498209,-122.3234945,fast_food,Abbotsford
49.0505395,-122.3228004,fast_food,Abbotsford
49.2629671,-123.0988218,fast_food,Vancouver
49.1985703,-122.779451,fast_food,Surrey
49.2792636,-123.107846,fast_food,Vancouver
49.1391411,-122.8431541,fast_food,Surrey
49.2796131,-123.123935,fast_food,Vancouver
49.2747568,-123.1002559,fast_food,Vancouver
49.278183,-122.910465,fast_food,Burnaby
49.0502814,-122.3177015,fast_food,Abbotsford
49.2741294,-123.121871,fast_food,Vancouver
49.2740362,-123.1222575,fast_food,Vancouver
49.2740162,-123.122343,fast_food,Vancouver
49.3737353,-123.2746745,fast_food,West Vancouver
49.0461526,-122.3593584,fast_food,Abbotsford
49.1292582,-122.3204815,fast_food,Mission
49.2692484,-123.1459879,fast_food,Vancouver
49.2682155,-123.1470409,fast_food,Vancouver
49.2683578,-123.1595125,fast_food,Vancouver
49.1307777,-122.318057,fast_food,Mission
49.1309188,-122.3195503,fast_food,Mission
49.1309522,-122.319302,fast_food,Mission
49.0385355,-122.270425,fast_food,Abbotsford
49.267943,-123.1492741,fast_food,Vancouver
49.267943,-123.1493262,fast_food,Vancouver
49.2588682,-122.7905051,fast_food,Port Coquitlam
49.242496,-123.0587491,fast_food,Vancouver
49.2251047,-123.1018745,fast_food,Vancouver
49.2251944,-123.0903824,fast_food,Vancouver
49.2568805,-123.1849075,fast_food,Vancouver
49.3280098,-123.1539437,fast_food,West Vancouver
49.2618324,-122.7816776,fast_food,Port Coquitlam
49.2808226,-123.1247973,fast_food,Vancouver
49.0581533,-122.4939241,fast_food,Township of Langley
49.120381,-122.6629612,fast_food,Township of Langley
49.1631911,-122.6612483,fast_food,Township of Langley
49.1631557,-122.6618859,fast_food,Township of Langley
49.2858144,-123.126964,fast_food,Vancouver
49.2081902,-123.1401339,fast_food,Vancouver
49.2082351,-123.1401324,fast_food,Vancouver
49.2058366,-123.031976,fast_food,Vancouver
49.2538589,-123.0613739,fast_food,Vancouver
49.2580907,-122.956755,fast_food,Burnaby
49.1578728,-122.9094185,fast_food,Delta
49.1694367,-122.91066,fast_food,Delta
49.2598873,-122.7570312,fast_food,Port Coquitlam
49.2640559,-123.1569847,fast_food,Vancouver
49.1145951,-122.6734593,fast_food,Township of Langley
49.2829336,-123.108249,fast_food,Vancouver
49.2805664,-123.1062443,fast_food,Vancouver
49.280093,-122.9818276,fast_food,Burnaby
49.2811379,-123.0980681,fast_food,Vancouver
49.2811975,-123.1020736,fast_food,Vancouver
49.2780845,-122.912071,fast_food,Burnaby
49.2777723,-122.9114568,fast_food,Burnaby
49.2415048,-123.0577897,fast_food,Vancouver
49.1978275,-123.1783983,fast_food,Richmond
49.049845,-122.3047476,fast_food,Abbotsford
49.2657903,-123.2432178,fast_food,Electoral Area A
49.2659168,-123.2431691,fast_food,Electoral Area A
49.2664689,-123.2433848,fast_food,Electoral Area A
49.2664557,-123.2434869,fast_food,Electoral Area A
49.1700001,-123.137734,fast_food,Richmond
49.2820561,-122.800446,fast_food,Coquitlam
49.2670869,-122.777534,fast_food,Port Coquitlam
49.0461321,-122.3365217,fast_food,Abbotsford
49.1571359,-122.779182,fast_food,Surrey
49.1321141,-123.0946175,fast_food,Richmond
49.1321211,-123.0952282,fast_food,Richmond
49.0591051,-122.4938845,fast_food,Township of Langley
49.1036551,-122.4921919,fast_food,Township of Langley
49.048636,-122.2926136,fast_food,Abbotsford
49.1989332,-122.810257,fast_food,Surrey
49.2797002,-122.798845,fast_food,Coquitlam
49.2811772,-122.9944375,fast_food,Burnaby
49.2808356,-123.0305122,fast_food,Vancouver
49.281211,-123.011999,fast_food,Burnaby
49.0504484,-122.3275789,fast_food,Abbotsford
49.0451912,-122.2930634,fast_food,Abbotsford
49.0431439,-122.2231024,fast_food,Abbotsford
49.2859088,-123.1119662,fast_food,Vancouver
49.0580197,-122.3767398,fast_food,Abbotsford
49.0604509,-122.38281,fast_food,Abbotsford
49.1188015,-122.8237596,fast_food,Surrey
49.1187754,-122.8241543,fast_food,Surrey
49.1187811,-122.8245367,fast_food,Surrey
49.1337792,-122.8411903,fast_food,Surrey
49.1337664,-122.8393167,fast_food,Surrey
49.135356,-122.843062,fast_food,Surrey
49.138246,-122.8450644,fast_food,Surrey
49.2785821,-123.1158104,fast_food,Vancouver
49.2899989,-122.9215029,fast_food,Burnaby
49.0268665,-123.0682461,fast_food,Delta
49.2633629,-123.1342581,fast_food,Vancouver
49.2122326,-122.9188879,fast_food,New Westminster
49.2124536,-122.919196,fast_food,New Westminster
49.215505,-122.923044,fast_food,New Westminster
49.2151421,-122.922582,fast_food,New Westminster
49.2123348,-122.919035,fast_food,New Westminster
49.2626769,-123.0904448,fast_food,Vancouver
49.0582577,-122.8024115,fast_food,Surrey
49.1057474,-122.65236,fast_food,City of Langley
49.2547671,-122.737921,fast_food,Port Coquitlam
49.0513514,-122.3316139,fast_food,Abbotsford
49.2100781,-122.9333569,fast_food,New Westminster
49.2800785,-122.8501,fast_food,Port Moody
49.3250044,-123.1364242,fast_food,West Vancouver
49.3250041,-123.1363632,fast_food,West Vancouver
49.3250061,-123.1362827,fast_food,West Vancouver
49.3250647,-123.1362282,fast_food,West Vancouver
49.3250943,-123.1362265,fast_food,West Vancouver
49.3251225,-123.1362268,fast_food,West Vancouver
49.3251489,-123.1362279,fast_food,West Vancouver
49.3251786,-123.1362279,fast_food,West Vancouver
49.325227,-123.1362027,fast_food,West Vancouver
49.3250412,-123.1364007,fast_food,West Vancouver
49.325245,-123.1363322,fast_food,West Vancouver
49.2613107,-122.78233,fast_food,Port Coquitlam
49.2640388,-123.178066,fast_food,Vancouver
49.2666817,-123.2425065,fast_food,Electoral Area A
49.0249879,-122.2661425,fast_food,Abbotsford
49.1498513,-122.255622,fast_food,Mission
49.2637096,-123.15459,fast_food,Vancouver
49.1571957,-122.939333,fast_food,Delta
49.0500445,-122.3243424,fast_food,Abbotsford
49.0387162,-122.2939495,fast_food,Abbotsford
49.0385365,-122.2935247,fast_food,Abbotsford
49.2858989,-123.1122871,fast_food,Vancouver
49.2791959,-123.116782,fast_food,Vancouver
49.2790996,-123.1166316,fast_food,Vancouver
49.1981032,-122.9791138,fast_food,Burnaby
49.2191054,-123.066189,fast_food,Vancouver
49.2846905,-123.111183,fast_food,Vancouver
49.1344759,-122.8918497,fast_food,Delta
49.0337778,-122.8014136,fast_food,Surrey
49.1258786,-122.7051707,fast_food,Surrey
49.0522409,-122.325325,fast_food,Abbotsford
49.2546828,-122.7379283,fast_food,Port Coquitlam
49.2533322,-122.7403668,fast_food,Port Coquitlam
49.3102299,-123.0836,fast_food,North Vancouver
49.3208761,-123.0721449,fast_food,North Vancouver
49.2621478,-123.0447466,fast_food,Vancouver
49.3053018,-123.0316749,fast_food,District of North Vancouver
49.2761708,-123.124905,fast_food,Vancouver
49.0177554,-122.7936308,fast_food,White Rock
49.2000285,-122.911494,fast_food,New Westminster
49.2000711,-122.9112769,fast_food,New Westminster
49.2001425,-122.9113208,fast_food,New Westminster
49.2001623,-122.9115531,fast_food,New Westminster
49.2002592,-122.9114647,fast_food,New Westminster
49.049754,-122.3350518,fast_food,Abbotsford
49.0527901,-122.3108694,fast_food,Abbotsford
49.3250592,-122.8866552,fast_food,Port Moody
49.197546,-123.178164,fast_food,Richmond
49.197646,-123.178346,fast_food,Richmond
49.197773,-123.178357,fast_food,Richmond
49.197857,-123.178461,fast_food,Richmond
49.197921,-123.178503,fast_food,Richmond
49.336875,-123.100831,fast_food,District of North Vancouver
49.3378101,-123.1019802,fast_food,District of North Vancouver
49.3376096,-123.1024103,fast_food,District of North Vancouver
49.2509753,-123.1270905,fast_food,Vancouver
49.1495595,-122.891927,fast_food,Delta
49.2663756,-123.1054202,fast_food,Vancouver
49.2472168,-123.1009609,fast_food,Vancouver
49.1256201,-123.182905,fast_food,Richmond
49.038444,-122.274551,fast_food,Abbotsford
49.2667185,-123.002065,fast_food,Burnaby
49.1880039,-122.8465109,fast_food,Surrey
49.1890794,-122.8474254,fast_food,Surrey
49.1445089,-123.003586,fast_food,Delta
49.1330626,-123.0233446,fast_food,Delta
49.0492419,-122.3007789,fast_food,Abbotsford
49.2641666,-123.138328,fast_food,Vancouver
49.1139702,-122.6699507,fast_food,City of Langley
49.1793429,-123.0695964,fast_food,Richmond
49.1144032,-122.6679644,fast_food,Township of Langley
49.2637512,-123.1390292,fast_food,Vancouver
49.1957414,-123.1842549,fast_food,Richmond
49.1957529,-123.1843188,fast_food,Richmond
49.1957307,-123.1841942,fast_food,Richmond
49.1182538,-122.6689137,fast_food,Township of Langley
49.2788264,-123.1155638,fast_food,Vancouver
49.1946688,-122.844843,fast_food,Surrey
49.280165,-122.7994621,fast_food,Coquitlam
49.3511476,-123.253673,fast_food,West Vancouver
49.2310832,-123.008299,fast_food,Burnaby
49.0613956,-122.8121955,fast_food,Surrey
49.2887314,-123.1281326,fast_food,Vancouver
49.1330328,-123.0932818,fast_food,Richmond
49.323137,-123.0720611,fast_food,North Vancouver
49.1917333,-123.0811267,fast_food,Richmond
49.2812728,-123.0461329,fast_food,Vancouver
49.2242261,-122.9418,fast_food,Burnaby
49.2247861,-123.0659417,fast_food,Vancouver
49.2580985,-123.1146119,fast_food,Vancouver
49.0447901,-122.2217464,fast_food,Abbotsford
49.0447393,-122.2217414,fast_food,Abbotsford
49.0545384,-122.3706645,fast_food,Abbotsford
49.0548927,-122.3714839,fast_food,Abbotsford
49.2563659,-122.747394,fast_food,Port Coquitlam
49.2378818,-123.031957,fast_food,Vancouver
49.2006229,-122.9168546,fast_food,New Westminster
49.2004217,-122.91752,fast_food,New Westminster
49.1248261,-122.7022827,fast_food,Surrey
49.2206904,-122.976521,fast_food,Burnaby
49.253102,-122.73803,fast_food,Port Coquitlam
49.1774952,-122.8661941,fast_food,Surrey
49.1767465,-122.866574,fast_food,Surrey
49.1767588,-122.8668691,fast_food,Surrey
49.0901287,-122.6046687,fast_food,Township of Langley
49.1442396,-123.1595308,fast_food,Richmond
49.2620194,-122.7825183,fast_food,Port Coquitlam
49.2331433,-123.0900643,fast_food,Vancouver
49.2927082,-122.7553174,fast_food,Coquitlam
49.272795,-122.789898,fast_food,Port Coquitlam
49.2794266,-122.9158521,fast_food,Burnaby
49.2786759,-122.9188781,fast_food,Burnaby
49.2786644,-122.9188032,fast_food,Burnaby
49.2786508,-122.9187141,fast_food,Burnaby
49.2786371,-122.9186239,fast_food,Burnaby
49.0242968,-122.267178,fast_food,Abbotsford
49.0353251,-122.2697044,fast_food,Abbotsford
49.2157729,-122.591045,fast_food,Maple Ridge
49.2162564,-122.5898977,fast_food,Maple Ridge
49.0274027,-122.265932,fast_food,Abbotsford
49.0266186,-123.069696,fast_food,Delta
49.0245495,-123.0709218,fast_food,Delta
49.2695075,-122.9464295,fast_food,Burnaby
49.2788382,-122.9154974,fast_food,Burnaby
49.2617158,-122.7819994,fast_food,Port Coquitlam
49.052252,-122.3753712,fast_food,Abbotsford
49.2648447,-122.771751,fast_food,Port Coquitlam
49.2643466,-123.0117001,fast_food,Burnaby
49.2485117,-122.8659736,fast_food,Coquitlam
49.1048644,-122.7980234,fast_food,Surrey
49.2215249,-122.946085,fast_food,Burnaby
49.1067026,-122.8014486,fast_food,Surrey
49.1355602,-122.8893132,fast_food,Surrey
49.2485878,-122.8185089,fast_food,Coquitlam
49.0384515,-122.2707447,fast_food,Abbotsford
49.0411852,-122.2205715,fast_food,Abbotsford
49.2727636,-123.1354257,fast_food,Vancouver
49.2727181,-123.1352635,fast_food,Vancouver
49.2727426,-123.1352218,fast_food,Vancouver
49.272775,-123.1351615,fast_food,Vancouver
49.2728161,-123.1350944,fast_food,Vancouver
49.2626605,-123.091518,fast_food,Vancouver
49.0759261,-122.6701537,fast_food,Township of Langley
49.1025718,-122.6463802,fast_food,City of Langley
49.1192712,-122.662876,fast_food,Township of Langley
49.265092,-122.7761976,fast_food,Port Coquitlam
49.2683368,-123.0000195,fast_food,Burnaby
49.2677835,-123.0010776,fast_food,Burnaby
49.2679243,-123.0007537,fast_food,Burnaby
49.2678998,-123.0008973,fast_food,Burnaby
49.267849,-123.0006408,fast_food,Burnaby
49.2750854,-123.0693141,fast_food,Vancouver
49.1035082,-122.8001061,fast_food,Surrey
49.1041067,-122.7983556,fast_food,Surrey
49.1035653,-122.7975026,fast_food,Surrey
49.1142452,-122.6754884,fast_food,Township of Langley
49.1144236,-122.6756725,fast_food,Township of Langley
49.1143101,-122.675676,fast_food,Township of Langley
49.1143726,-122.6752938,fast_food,Township of Langley
49.114419,-122.675293,fast_food,Township of Langley
49.2035786,-122.8359744,fast_food,Surrey
49.1895759,-122.8478744,fast_food,Surrey
49.2677289,-123.006245,fast_food,Burnaby
49.2678061,-123.006243,fast_food,Burnaby
49.2668019,-123.0040541,fast_food,Burnaby
49.2668051,-123.0042518,fast_food,Burnaby
49.2668043,-123.0041529,fast_food,Burnaby
49.2843286,-123.117811,fast_food,Vancouver
49.0571459,-122.8017528,fast_food,Surrey
49.0467339,-122.7937502,fast_food,Surrey
49.0453315,-122.7946228,fast_food,Surrey
49.045838,-122.7970156,fast_food,Surrey
49.2637294,-123.211525,fast_food,Vancouver
49.2875974,-123.1191416,fast_food,Vancouver
49.2643475,-123.0118202,fast_food,Burnaby
49.0509527,-122.319626,fast_food,Abbotsford
49.2529568,-123.0826337,fast_food,Vancouver
49.2239684,-123.0909929,fast_food,Vancouver
49.2890176,-123.1312805,fast_food,Vancouver
49.1569353,-122.781104,fast_food,Surrey
49.0509334,-122.3384838,fast_food,Abbotsford
49.0502899,-122.338619,fast_food,Abbotsford
49.2770453,-122.848659,fast_food,Port Moody
49.0909422,-122.607018,fast_food,Township of Langley
49.046421,-122.2873564,fast_food,Abbotsford
49.2812746,-123.0562015,fast_food,Vancouver
49.2113079,-123.1018558,fast_food,Vancouver
49.0272217,-122.8013591,fast_food,White Rock
49.2745994,-123.130842,fast_food,Vancouver
49.0386218,-122.2745401,fast_food,Abbotsford
49.2540187,-122.918565,fast_food,Burnaby
49.2319867,-123.0274959,fast_food,Vancouver
49.2366117,-122.852994,fast_food,Coquitlam
49.2526152,-122.8981989,fast_food,Burnaby
49.1612222,-122.7905891,fast_food,Surrey
49.2384417,-123.0326289,fast_food,Vancouver
49.1383193,-123.014493,fast_food,Delta
49.2631971,-123.1054335,fast_food,Vancouver
49.1534384,-122.5300494,fast_food,Township of Langley
49.2636716,-123.2069048,fast_food,Vancouver
49.0500667,-122.290128,fast_food,Abbotsford
49.1884308,-123.1333651,fast_food,Richmond
49.248777,-122.8618334,fast_food,Coquitlam
49.2493142,-122.8601594,fast_food,Coquitlam
49.2487101,-122.8585224,fast_food,Coquitlam
49.1784718,-123.12687,fast_food,Richmond
49.1919509,-122.788943,fast_food,Surrey
49.1919525,-122.7890205,fast_food,Surrey
49.2797668,-123.130488,fast_food,Vancouver
49.2627558,-123.0904504,fast_food,Vancouver
49.2635472,-122.768576,fast_food,Port Coquitlam
49.1488555,-123.1808282,fast_food,Richmond
49.0500921,-122.79987,fast_food,Surrey
49.0460944,-122.798505,fast_food,Surrey
49.2106878,-123.0930993,fast_food,Vancouver
49.2795194,-123.130102,fast_food,Vancouver
49.1400974,-123.138326,fast_food,Richmond
49.2383199,-123.031569,fast_food,Vancouver
49.1813334,-123.0694791,fast_food,Richmond
49.2218311,-122.9990629,fast_food,Burnaby
49.2176117,-122.6441674,fast_food,Maple Ridge
49.1620357,-122.6586997,fast_food,Township of Langley
49.1620712,-122.658822,fast_food,Township of Langley
49.0493869,-122.3387758,fast_food,Abbotsford
49.2792189,-122.8287203,fast_food,Port Moody
49.27692,-122.8490281,fast_food,Port Moody
49.2253352,-123.0535075,fast_food,Vancouver
49.0525941,-122.883679,fast_food,Surrey
49.1913441,-122.8083094,fast_food,Surrey
49.1616124,-122.791185,fast_food,Surrey
49.1342573,-122.886722,fast_food,Surrey
49.1343232,-122.8885258,fast_food,Surrey
49.1343226,-122.887236,fast_food,Surrey
49.1905506,-122.0713103,fast_food,Area G (Deroche/Dewdney/Sumas Mountain)
49.2169974,-122.6030592,fast_food,Maple Ridge
49.2828529,-123.1149841,fast_food,Vancouver
49.2745826,-123.0693604,fast_food,Vancouver
49.2059386,-123.011028,fast_food,Burnaby
49.1366741,-122.8869649,fast_food,Surrey
49.2792846,-123.116924,fast_food,Vancouver
49.2734319,-123.081868,fast_food,Vancouver
49.2435344,-122.889606,fast_food,Coquitlam
49.1990353,-122.7781068,fast_food,Surrey
49.2641153,-122.981478,fast_food,Burnaby
49.1765957,-122.7808353,fast_food,Surrey
49.0503956,-122.3275789,fast_food,Abbotsford
49.0521286,-122.3155048,fast_food,Abbotsford
49.2739102,-123.1227537,fast_food,Vancouver
49.2737512,-123.123314,fast_food,Vancouver
49.2693141,-123.138567,fast_food,Vancouver
49.1631891,-122.873955,fast_food,Surrey
49.1632955,-122.8751658,fast_food,Surrey
49.1363212,-122.8897573,fast_food,Surrey
49.0899576,-123.0788052,fast_food,Delta
49.1821987,-123.1358204,fast_food,Richmond
49.1331361,-123.181512,fast_food,Richmond
49.2192936,-122.9273351,fast_food,Burnaby
49.1456927,-122.649051,fast_food,Township of Langley
49.1035424,-122.4921874,fast_food,Township of Langley
49.1699048,-122.812622,fast_food,Surrey
49.1793152,-122.8336811,fast_food,Surrey
49.1743543,-122.8454271,fast_food,Surrey
49.1741824,-122.845448,fast_food,Surrey
49.1673585,-122.800865,fast_food,Surrey
49.1110781,-122.668262,fast_food,City of Langley
49.2852884,-123.1390222,fast_food,Vancouver
49.2728123,-123.1474942,fast_food,Vancouver
49.2252912,-122.9906308,fast_food,Burnaby
49.2639983,-123.1737583,fast_food,Vancouver
49.2793365,-123.1155803,fast_food,Vancouver
49.2106799,-123.1028104,fast_food,Vancouver
49.1339176,-122.8553499,fast_food,Surrey
